date,current_rate,inflation,exchange_rate,unemployment,bond_3y,us_policy_rate
2001-01,5.25,3.4392212117330567,1265.5,4.4,5.99,5.98
2001-02,5.0,3.6266700719906675,1245.7,4.7,5.43,5.49
2001-03,5.0,4.01194371208029,1328.0,4.6,5.84,5.31
2001-04,5.0,4.833436986716411,1324.7,4.1,6.59,4.8
2001-05,5.0,5.263410959562775,1292.9,3.9,6.46,4.21
2001-06,5.0,5.034365083161907,1300.7,3.8,6.04,3.97
2001-07,4.75,4.812426542994186,1301.4,3.8,5.75,3.77
2001-08,4.5,4.690487854986802,1283.8,3.7,5.15,3.65
2001-09,4.0,3.2512714905301277,1309.1,3.7,4.89,3.07
2001-10,4.0,3.352853908019071,1296.1,3.6,4.74,2.49
2001-11,4.0,3.3743873319090234,1274.0,3.7,5.34,2.09
2001-12,4.0,3.1639231395130585,1326.1,3.6,5.93,1.82
2002-01,4.0,2.6376075784781294,1314.8,3.6,6.08,1.73
2002-02,4.0,2.6263497589303464,1327.7,3.5,5.92,1.74
2002-03,4.0,2.3134009284143664,1326.4,3.4,6.3,1.73
2002-04,4.0,2.497718284149686,1292.2,3.4,6.47,1.75
2002-05,4.25,2.9797341535088284,1233.3,3.3,6.3,1.75
2002-06,4.25,2.5885889533294737,1201.8,3.1,5.93,1.75
2002-07,4.25,2.1063159170808587,1197.0,3.1,5.7,1.73
2002-08,4.25,2.3835761189523685,1200.5,3.3,5.37,1.74
2002-09,4.25,3.0552113867818864,1225.5,3.0,5.37,1.75
2002-10,4.25,2.7666132785349573,1233.4,3.1,5.39,1.75
2002-11,4.25,3.4541973132332426,1208.0,3.1,5.29,1.34
2002-12,4.25,3.7327468527225793,1200.4,3.1,5.28,1.24
2003-01,4.25,3.811003197200913,1170.5,3.3,4.96,1.24
2003-02,4.25,3.8859870317002887,1186.8,3.3,4.73,1.26
2003-03,4.25,4.523678044266677,1252.9,3.4,4.78,1.25
2003-04,4.25,3.748775637410584,1213.1,3.4,4.6,1.26
2003-05,4.0,3.1759174379749844,1206.6,3.6,4.27,1.26
2003-06,4.0,2.990928060854503,1193.1,3.6,4.07,1.22
2003-07,3.75,3.1877949600783495,1180.0,3.6,4.37,1.01
2003-08,3.75,2.979771172446344,1179.9,3.6,4.62,1.03
2003-09,3.75,3.332649111489072,1150.2,3.7,4.25,1.01
2003-10,3.75,3.7139958537338424,1177.3,3.7,4.28,1.01
2003-11,3.75,3.431408552080728,1202.6,3.9,4.77,1.0
2003-12,3.75,3.420040648623357,1197.8,3.7,4.87,0.98
2004-01,3.75,3.395075179777729,1173.6,3.6,4.88,1.0
2004-02,3.75,3.2855099475532112,1174.5,3.6,4.83,1.01
2004-03,3.75,3.065653825284853,1153.6,3.6,4.58,1.0
2004-04,3.75,3.2514161469359593,1167.7,3.6,4.54,1.0
2004-05,3.75,3.34900117508814,1165.7,3.7,4.39,1.0
2004-06,3.75,3.6311645016668503,1152.5,3.5,4.28,1.03
2004-07,3.75,4.359269380123698,1168.3,3.7,4.19,1.26
2004-08,3.5,4.790607774357514,1153.8,3.7,3.82,1.43
2004-09,3.5,3.850901712615462,1147.9,3.6,3.59,1.61
2004-10,3.5,3.75962233657976,1126.0,3.7,3.54,1.76
2004-11,3.25,3.3189893911635737,1047.9,3.7,3.42,1.93
2004-12,3.25,3.035487063480824,1043.8,3.8,3.28,2.16
2005-01,3.25,3.4030236609902786,1026.4,3.9,3.65,2.28
2005-02,3.25,3.3642480450991163,1008.1,3.7,4.19,2.5
2005-03,3.25,2.98832102630886,1024.3,3.7,4.04,2.63
2005-04,3.25,3.092226486194427,1002.5,3.7,3.86,2.79
2005-05,3.25,3.0768590801314444,1002.5,3.7,3.71,3.0
2005-06,3.25,2.76626131809925,1024.4,3.8,3.79,3.04
2005-07,3.25,2.552335276525941,1028.3,3.7,4.12,3.26
2005-08,3.25,1.9742864559850082,1031.0,3.6,4.33,3.5
2005-09,3.25,2.4825456681832447,1038.0,3.9,4.52,3.62
2005-10,3.5,2.2789687256629776,1042.7,3.9,4.81,3.78
2005-11,3.5,2.489347079037807,1036.3,3.6,5.1,4.0
2005-12,3.75,2.6181099661072738,1013.0,3.5,5.06,4.16
2006-01,3.75,2.2243661168030116,971.0,3.4,5.02,4.29
2006-02,4.0,2.015103123477524,969.0,3.6,4.87,4.49
2006-03,4.0,2.0030132637413045,975.9,3.6,4.93,4.59
2006-04,4.0,2.000994449894522,945.7,3.5,4.95,4.79
2006-05,4.0,2.3029944308429195,947.4,3.4,4.78,4.94
2006-06,4.25,2.4124996626817996,960.3,3.5,4.89,4.99
2006-07,4.25,2.4001182589063808,953.1,3.5,4.89,5.24
2006-08,4.5,2.6917305321828566,959.6,3.5,4.77,5.25
2006-09,4.5,2.4797354948805417,945.2,3.5,4.69,5.25
2006-10,4.5,2.186777808947493,944.2,3.6,4.62,5.25
2006-11,4.5,2.0976113517790607,929.9,3.5,4.72,5.25
2006-12,4.5,2.0899913084174715,929.6,3.4,4.82,5.24
2007-01,4.5,1.6814876845981042,940.9,3.4,4.97,5.25
2007-02,4.5,2.1703081678406955,938.3,3.2,4.91,5.26
2007-03,4.5,2.158861619212149,940.3,3.2,4.79,5.26
2007-04,4.5,2.4492108244841937,929.4,3.3,4.94,5.25
2007-05,4.5,2.3484549638395746,929.9,3.3,5.1,5.25
2007-06,4.5,2.5480224500013193,926.8,3.2,5.24,5.25
2007-07,4.75,2.539403404244145,923.2,3.3,5.35,5.26
2007-08,5.0,2.039271968164913,939.9,3.2,5.28,5.02
2007-09,5.0,2.3247645314044885,920.7,3.2,5.39,4.94
2007-10,5.0,3.015843965697562,907.4,3.2,5.42,4.76
2007-11,5.0,3.5178981937602494,929.6,3.3,5.54,4.49
2007-12,5.0,3.6058573898464896,938.2,3.1,5.89,4.24
2008-01,5.0,3.8903994980129752,943.9,3.0,5.44,3.94
2008-02,5.0,3.575833906799808,937.3,3.0,5.06,2.98
2008-03,5.0,3.938603738510804,991.7,3.0,5.15,2.61
2008-04,5.0,4.116459407672246,999.7,3.1,4.98,2.28
2008-05,5.0,4.874351199958893,1031.4,3.2,5.28,1.98
2008-06,5.0,5.5437072819774835,1043.4,3.1,5.7,2.0
2008-07,5.0,5.903959863823682,1008.5,3.1,5.96,2.01
2008-08,5.25,5.6132364975450155,1081.8,3.3,5.77,2.0
2008-09,5.25,5.1083847180726005,1187.7,3.2,5.81,1.81
2008-10,4.25,4.81580650482849,1291.4,3.3,5.09,0.97
2008-11,4.0,4.532822354478894,1482.7,3.4,4.97,0.39
2008-12,3.0,4.139012149024657,1257.5,3.4,3.97,0.16
2009-01,2.5,3.7472317294141355,1368.5,3.3,3.44,0.15
2009-02,2.0,4.104248411076705,1516.4,3.3,3.78,0.22
2009-03,2.0,3.881264360678127,1377.1,3.5,3.69,0.18
2009-04,2.0,3.5819273239297234,1348.0,3.7,3.76,0.15
2009-05,2.0,2.7342888643880903,1272.9,3.9,3.83,0.18
2009-06,2.0,1.992672030772602,1284.7,3.9,4.09,0.21
2009-07,2.0,1.6181855535548184,1240.5,3.8,4.09,0.16
2009-08,2.0,2.1622799583524976,1244.9,3.9,4.42,0.16
2009-09,2.0,2.160318362706093,1188.7,3.6,4.4,0.15
2009-10,2.0,1.981888181311886,1200.6,3.6,4.47,0.12
2009-11,2.0,2.4388467374810263,1167.4,3.7,4.32,0.12
2009-12,2.0,2.800606980273135,1167.6,3.6,4.24,0.12
2010-01,2.0,3.518496058217102,1156.5,4.7,4.29,0.11
2010-02,2.0,2.98392437834909,1158.4,4.0,4.19,0.13
2010-03,2.0,2.458153993304646,1130.8,3.6,3.94,0.16
2010-04,2.0,2.5983162815101046,1115.5,3.6,3.77,0.2
2010-05,2.0,2.7020581431399293,1200.2,3.3,3.7,0.2
2010-06,2.0,2.6889292022723943,1210.3,3.5,3.75,0.18
2010-07,2.25,2.530742335228209,1187.2,3.8,3.88,0.18
2010-08,2.25,2.681788016685638,1189.1,3.5,3.73,0.19
2010-09,2.25,3.407570537183724,1142.0,3.7,3.48,0.19
2010-10,2.25,3.682554757523593,1126.6,3.7,3.24,0.19
2010-11,2.5,2.988718240424726,1157.3,3.3,3.4,0.19
2010-12,2.5,3.033702557804485,1138.9,3.7,3.25,0.18
2011-01,2.75,3.44108446298228,1114.3,3.6,3.71,0.17
2011-02,2.75,3.939291184827476,1127.9,3.6,3.94,0.16
2011-03,3.0,4.133215085885,1107.2,3.7,3.74,0.14
2011-04,3.0,3.816785021094593,1072.3,3.5,3.74,0.1
2011-05,3.0,3.911619914545783,1080.6,3.3,3.66,0.09
2011-06,3.25,4.217756650898985,1078.1,3.3,3.65,0.09
2011-07,3.25,4.509708400027845,1052.6,3.4,3.77,0.07
2011-08,3.25,4.68567867323737,1071.7,3.2,3.57,0.1
2011-09,3.25,3.759002484628504,1179.5,3.3,3.45,0.08
2011-10,3.25,3.5620641881447535,1104.5,3.3,3.47,0.07
2011-11,3.25,4.174625457390735,1150.3,3.3,3.39,0.08
2011-12,3.25,4.158118531592758,1153.3,3.2,3.36,0.07
2012-01,3.25,3.345868068140634,1125.0,3.3,3.37,0.08
2012-02,3.25,3.032893848715301,1126.5,3.3,3.43,0.1
2012-03,3.25,2.6625428629059478,1137.8,3.3,3.55,0.13
2012-04,3.25,2.55247691015954,1134.2,3.3,3.5,0.14
2012-05,3.25,2.5386325798630205,1177.8,3.2,3.38,0.16
2012-06,3.25,2.195829151332651,1153.8,3.2,3.29,0.16
2012-07,3.0,1.4761048589376546,1136.2,3.2,3.01,0.16
2012-08,3.0,1.2656134587187395,1134.6,3.2,2.83,0.13
2012-09,3.0,2.087839329066421,1118.6,3.2,2.81,0.14
2012-10,2.75,2.0907040509464014,1094.1,3.1,2.78,0.16
2012-11,2.75,1.6314312854838864,1084.7,3.2,2.8,0.16
2012-12,2.75,1.4260720298418628,1071.1,3.2,2.85,0.16
2013-01,2.75,1.6286359352052582,1082.7,3.2,2.75,0.14
2013-02,2.75,1.5831768353932851,1085.4,3.1,2.7,0.15
2013-03,2.75,1.4604754731809555,1112.1,3.0,2.6,0.14
2013-04,2.75,1.3296217455379011,1108.1,3.0,2.55,0.15
2013-05,2.5,1.1485359979949594,1128.3,3.1,2.59,0.11
2013-06,2.5,1.1687163762153618,1149.7,3.1,2.87,0.09
2013-07,2.5,1.6154081721935443,1113.6,3.2,2.91,0.09
2013-08,2.5,1.5056338794839697,1110.9,3.2,2.94,0.08
2013-09,2.5,0.980413351781384,1075.6,3.0,2.9,0.08
2013-10,2.5,0.8609579917477905,1061.4,3.1,2.83,0.09
2013-11,2.5,1.2009433654671664,1062.1,3.1,2.936,0.08
2013-12,2.5,1.1434770816382,1055.3,3.3,2.941,0.09
2014-01,2.5,1.080579760158762,1079.2,3.3,2.892,0.07
2014-02,2.5,1.0124895204110196,1067.7,3.5,2.854,0.07
2014-03,2.5,1.2920647215767467,1068.8,3.4,2.874,0.08
2014-04,2.5,1.4985510056774842,1031.7,3.6,2.875,0.09
2014-05,2.5,1.6655354815078294,1021.6,3.5,2.838,0.09
2014-06,2.5,1.6589364685578811,1014.4,3.5,2.746,0.1
2014-07,2.5,1.5897275829036994,1024.3,3.5,2.558,0.09
2014-08,2.25,1.4082241146313734,1013.6,3.5,2.54,0.09
2014-09,2.25,1.146447724766908,1050.6,3.5,2.405,0.09
2014-10,2.0,1.1499559774089008,1054.0,3.6,2.239,0.09
2014-11,2.0,0.9654624339533457,1101.1,3.6,2.138,0.09
2014-12,2.0,0.8334316575314471,1099.2,3.7,2.143,0.12
2015-01,2.0,0.9740744692200876,1090.8,3.6,2.039,0.11
2015-02,2.0,0.6458821025750128,1099.2,3.5,2.024,0.11
2015-03,1.75,0.47051076439412753,1105.0,3.5,1.865,0.11
2015-04,1.75,0.43624089838028013,1068.1,3.6,1.739,0.12
2015-05,1.75,0.5520880797719618,1108.0,3.6,1.875,0.12
2015-06,1.5,0.7013411425176086,1124.1,3.8,1.773,0.13
2015-07,1.5,0.7352785370711823,1166.3,3.8,1.777,0.13
2015-08,1.5,0.7001512411291211,1176.3,3.6,1.735,0.14
2015-09,1.5,0.5037570113239465,1194.5,3.5,1.651,0.14
2015-10,1.5,0.8078127487925135,1142.3,3.5,1.627,0.12
2015-11,1.5,0.8200819018241878,1150.4,3.6,1.752,0.12
2015-12,1.5,1.1318426483415855,1172.0,3.5,1.719,0.24
2016-01,1.5,0.6223386832623579,1208.4,3.6,1.628,0.34
2016-02,1.5,1.1132608075105521,1235.4,3.8,1.474,0.38
2016-03,1.5,0.8425303395492412,1153.5,3.7,1.498,0.36
2016-04,1.5,1.0018494055482163,1143.9,3.6,1.468,0.37
2016-05,1.5,0.7798503530403567,1190.6,3.5,1.455,0.37
2016-06,1.25,0.7396558808964393,1164.7,3.6,1.334,0.38
2016-07,1.25,0.3691628102650446,1125.7,3.6,1.218,0.39
2016-08,1.25,0.4873284110363141,1118.5,3.9,1.238,0.4
2016-09,1.25,1.3489038182086244,1096.3,3.9,1.312,0.4
2016-10,1.25,1.4879009329654913,1145.2,3.8,1.361,0.4
2016-11,1.25,1.5308167872892575,1168.5,3.7,1.609,0.41
2016-12,1.25,1.3379615020511215,1208.5,3.5,1.692,0.54
2017-01,1.25,2.2408434139784994,1157.8,3.5,1.643,0.65
2017-02,1.25,2.0828105395232166,1132.1,3.9,1.665,0.66
2017-03,1.25,2.27689662763515,1116.1,3.6,1.709,0.79
2017-04,1.25,1.9555732267481307,1130.1,3.8,1.678,0.9
2017-05,1.25,2.0035553696538866,1123.9,3.5,1.69,0.91
2017-06,1.25,1.806277520368993,1139.6,3.7,1.673,1.04
2017-07,1.25,2.167010719787066,1119.1,3.6,1.74,1.15
2017-08,1.25,2.4885813727437034,1122.8,4.0,1.78,1.16
2017-09,1.25,2.0000623396053907,1146.7,3.7,1.785,1.15
2017-10,1.25,1.76179458180723,1125.0,3.7,2.026,1.15
2017-11,1.5,1.1534025374855927,1082.4,3.7,2.15,1.16
2017-12,1.5,1.4074858317244754,1071.4,3.6,2.1,1.3
2018-01,1.5,0.7600188977671785,1071.5,3.4,2.19,1.41
2018-02,1.5,1.2526630612913703,1071.0,3.7,2.277,1.42
2018-03,1.5,1.2155998565059223,1066.5,4.0,2.271,1.51
2018-04,1.5,1.528088503930558,1076.2,3.8,2.192,1.69
2018-05,1.5,1.469050499251634,1081.3,3.8,2.25,1.7
2018-06,1.5,1.4804084735663414,1121.7,3.6,2.175,1.82
2018-07,1.5,1.118985835752162,1116.7,3.8,2.097,1.91
2018-08,1.5,1.4318056660343803,1108.8,4.6,2.019,1.91
2018-09,1.5,2.0871531597604243,1112.7,4.1,1.953,1.95
2018-10,1.5,2.002508233326883,1140.6,4.0,2.01,2.19
2018-11,1.75,2.037042743998274,1121.8,3.9,1.94,2.2
2018-12,1.75,1.320395504513927,1118.1,3.7,1.825,2.27
2019-01,1.75,0.7930197949157058,1117.2,3.9,1.807,2.4
2019-02,1.75,0.46128167518082464,1117.8,3.8,1.802,2.4
2019-03,1.75,0.3746797500784771,1137.8,3.8,1.789,2.41
2019-04,1.75,0.5559430310013935,1158.2,4.0,1.736,2.42
2019-05,1.75,0.6799422099637242,1190.0,3.8,1.679,2.39
2019-06,1.75,0.7208009799653858,1156.8,3.9,1.496,2.38
2019-07,1.5,0.6055380870270799,1182.0,4.0,1.382,2.4
2019-08,1.5,-0.037200136735648925,1215.2,3.6,1.164,2.13
2019-09,1.5,-0.42605841091188923,1201.3,3.6,1.287,2.04
2019-10,1.25,0.0,1168.4,3.5,1.357,1.83
2019-11,1.25,0.15201852411155237,1179.3,3.7,1.492,1.55
2019-12,1.25,0.73847335030508,1157.8,3.5,1.39,1.55
2020-01,1.25,1.2196108571659758,1183.5,3.4,1.373,1.55
2020-02,1.25,0.8548901934327446,1215.9,3.4,1.253,1.58
2020-03,0.75,0.8262628504555058,1222.6,3.9,1.091,0.65
2020-04,0.75,0.019099124455923544,1225.2,3.9,1.024,0.05
2020-05,0.5,-0.212740336370576,1239.4,4.3,0.878,0.05
2020-06,0.5,0.22012041290166984,1200.7,4.2,0.85,0.08
2020-07,0.5,0.44663111093188324,1191.4,4.2,0.826,0.09
2020-08,0.5,0.7694241890872533,1185.1,3.9,0.829,0.1
2020-09,0.5,0.9479527827324308,1173.5,4.2,0.908,0.09
2020-10,0.5,0.1389430333563313,1133.4,4.3,0.91,0.09
2020-11,0.5,0.6121771996662861,1104.4,4.1,0.965,0.09
2020-12,0.5,0.6127217481121994,1088.0,4.1,0.97,0.09
2021-01,0.5,0.9491457688080684,1114.6,4.6,0.975,0.09
2021-02,0.5,1.417731629392982,1108.4,4.1,0.995,0.08
2021-03,0.5,1.9011406844106515,1133.5,4.0,1.133,0.07
2021-04,0.5,2.492462311557797,1107.4,3.8,1.138,0.07
2021-05,0.5,2.62469831053902,1116.0,3.8,1.134,0.06
2021-06,0.5,2.3468057366362594,1130.0,3.7,1.302,0.08
2021-07,0.5,2.6397671384121413,1147.4,3.3,1.419,0.1
2021-08,0.75,2.555145224074251,1164.4,3.4,1.411,0.09
2021-09,0.75,2.4121500893389047,1184.9,3.1,1.515,0.08
2021-10,0.75,3.164304252345773,1171.7,3.3,1.842,0.08
2021-11,1.0,3.776601059046869,1193.4,3.1,1.953,0.08
2021-12,1.0,3.6977972690122707,1185.5,3.2,1.8,0.08
2022-01,1.25,3.7707838479809963,1202.4,3.2,2.06,0.08
2022-02,1.25,3.780271707028948,1202.7,2.9,2.285,0.08
2022-03,1.25,4.183032207384119,1210.8,2.8,2.369,0.2
2022-04,1.5,4.755834477348486,1269.4,2.8,2.941,0.33
2022-05,1.75,5.340519353258211,1245.8,2.9,3.019,0.77
2022-06,1.75,6.036256736893675,1292.9,2.9,3.477,1.21
2022-07,2.25,6.327009583414833,1304.0,3.0,3.238,1.68
2022-08,2.5,5.722627737226271,1347.5,2.8,3.247,2.33
2022-09,2.5,5.476398177764841,1434.8,2.9,3.903,2.56
2022-10,3.0,5.621673923560722,1419.3,2.9,4.235,3.08
2022-11,3.25,5.0062578222778376,1331.5,2.8,3.895,3.78
2022-12,3.25,5.017301038062283,1267.3,2.7,3.63,4.1
2023-01,3.5,4.978540772532192,1228.7,2.7,3.46,4.33
2023-02,3.5,4.6575602352494805,1317.4,2.7,3.47,4.57
2023-03,3.5,4.165881244109326,1303.8,2.7,3.461,4.65
2023-04,3.5,3.6881025929046185,1339.9,2.6,3.263,4.83
2023-05,3.5,3.3767441860464986,1322.2,2.5,3.33,5.06
2023-06,3.5,2.7261805748082457,1312.8,2.6,3.548,5.08
2023-07,3.5,2.3544559919065566,1280.0,2.9,3.638,5.12
2023-08,3.5,3.3600294577925016,1321.4,2.7,3.727,5.33
2023-09,3.5,3.703363352324951,1344.8,2.8,3.842,5.33
2023-10,3.5,3.765115426896304,1352.8,2.6,4.031,5.33
2023-11,3.5,3.3098010452003335,1289.0,2.8,3.771,5.33
2023-12,3.5,3.1759106717920593,1289.4,2.8,3.35,5.33
2024-01,3.5,2.816389570273481,1330.6,2.8,3.266,5.33
2024-02,3.5,3.1269826882987406,1334.0,2.7,3.351,5.33
2024-03,3.5,3.1035106768005916,1346.8,2.8,3.31,5.33
2024-04,3.5,2.9249796876410716,1378.7,2.8,3.439,5.33
2024-05,3.5,2.672545667236559,1376.5,2.8,3.432,5.33
2024-06,3.5,2.4109391867578323,1389.2,2.8,3.262,5.33
2024-07,3.5,2.5518914547578264,1384.6,2.7,3.083,5.33
2024-08,3.5,2.012825080156766,1335.3,2.6,2.924,5.33
2024-09,3.5,1.5950376606114425,1319.6,2.6,2.868,5.13
2024-10,3.25,1.2536417409728884,1383.3,2.8,2.911,4.83
2024-11,3.0,1.5264465743698885,1394.7,2.8,2.858,4.64
2024-12,3.0,1.9338241816730273,1470.0,3.1,2.59,4.48
2025-01,3.0,2.2444110630025493,1433.3,2.8,2.571,4.33
2025-02,2.75,2.0214448936544116,1439.6,2.8,2.611,4.33
2025-03,2.75,2.0535322509872778,1466.5,2.8,2.59,4.33
2025-04,2.75,2.0787650206122166,1438.5,2.7,2.395,4.33
2025-05,2.5,1.9018404907975572,1381.4,2.7,2.331,4.33
2025-06,2.5,2.169711876317648,1356.4,2.7,2.441,4.33
2025-07,2.5,2.0941032156313044,1382.9,2.7,2.465,4.33
2025-08,2.5,1.6675397241138423,1388.6,2.8,2.427,4.33
2025-09,2.5,2.1020497165285645,1402.2,2.7,2.464,4.22
2025-10,2.5,2.3803295840962635,1423.2,2.7,2.601,4.09
2025-11,2.5,2.447552447552437,1464.8,2.8,2.88,3.88
2025-12,2.5,2.3148551039944287,1434.9,3.3,3.01,3.72
2026-01,2.5,2.0050125313283207,1427.0,3.0,3.044,3.64
2026-02,2.5,1.9986216402481105,1424.5,2.9,3.167,3.64
2026-03,2.5,2.158397110671584,1513.4,2.7,3.378,3.64
2026-04,2.5,2.5691699604743157,1476.1,2.8,3.413,3.64
2026-05,2.5,3.1392448610991774,1505.8,2.8,3.682,3.63
2026-06,2.5,3.1639583870690435,1541.5,2.7,3.794,3.63
2026-07,2.75,2.7892207346378317,1441.1,2.8,3.828,3.63
